areaID,share_of_barrier,nonconvexity,number of commuting nodes
1,0.1263501862143814,0.0016176959034055471,1086
2,0.004372384340060117,0.0011205242481082678,1241
3,0.0,0.0,1246
