,areaID,share_of_barrier,nonconvexity,number of commuting nodes
2,1,0.2185389023110312,0.013635634444653988,974
0,2,0.00949126388493631,0.004985665902495384,1233
1,3,0.0006421099040647395,8.334505423590599e-07,1246
